study_hours,attendance_percent,sleep_hours,assignments_completed,exam_score
3.745401188473625,86,8.67218013402757,9,96.33257704302153
9.50714306409916,51,5.7581134361981725,4,84.549857956802
7.319939418114051,55,4.5071041422460825,1,75.20831347655441
5.986584841970366,63,6.429358795931629,8,93.161255062684
1.5601864044243652,58,5.28388283860254,7,54.29448850905681
1.5599452033620265,47,5.424364509809614,2,39.76081360718006
0.5808361216819946,70,5.536449824631433,7,51.48561152851132
8.661761457749352,60,8.015129489163318,8,96.79041549114771
6.011150117432088,56,6.695806383376272,2,65.77056390254988
7.080725777960454,62,5.556538495780018,2,70.82115038922618
0.20584494295802447,76,7.051668916554592,1,53.52673903145609
9.699098521619943,93,7.580753371115968,7,100.0
8.324426408004218,55,5.363120003667669,9,93.64098162095453
2.1233911067827616,45,6.067745507626757,0,40.94361372524851
1.8182496720710062,47,4.609430466684738,7,58.60058210658013
1.8340450985343382,64,4.905746747673401,6,54.065937827743426
3.0424224295953772,57,7.4055892698249135,6,66.72903092089832
5.247564316322379,64,4.907191738478135,2,69.6075535699487
4.319450186421157,51,6.625816918335301,0,62.69763280537929
2.9122914019804194,54,7.545231308612164,3,54.663152901900084
6.118528947223795,98,4.534384615473719,8,91.7719516234045
1.3949386065204183,65,6.836561098144518,4,49.33890995909086
2.9214464853521815,80,5.282813918506819,0,68.35435836801575
3.663618432936917,84,8.8146343761879,4,84.46972310796232
4.56069984217036,65,6.4177282335996235,7,75.42794870649084
7.851759613930136,86,8.029962748875791,7,100.0
1.9967378215835974,71,6.751132710781309,4,59.37663755765232
5.142344384136116,49,4.217062664274096,8,73.36789960639642
5.924145688620425,55,7.165756877970112,0,66.00310170765594
0.46450412719997725,46,8.757016711033284,3,46.22558131681882
6.075448519014383,56,7.008059100731656,2,72.25216800920296
1.7052412368729153,62,8.09594429713395,1,49.39316791174923
0.6505159298527952,65,8.42103231674204,7,65.55713697317482
9.488855372533333,60,5.140398859744662,6,97.3048366705755
9.656320330745594,61,5.060224199541134,8,100.0
8.08397348116461,97,7.054904944254959,1,96.93081322182971
3.0461376917337066,46,6.055142349033524,3,47.20812374784991
0.9767211400638387,53,8.199306514333601,5,61.02914906177491
6.842330265121569,54,8.500115616990055,10,91.49910139175083
4.4015249373960135,92,5.7671068965135905,2,76.16217362284932
1.2203823484477883,46,5.18435279487241,7,52.04752412609511
4.951769101112702,48,7.9026275762193094,2,65.55120923909023
0.34388521115218396,90,5.37403017774068,1,55.04457151739365
9.093204020787821,87,8.113071592568392,2,100.0
2.587799816000169,47,6.118691268243814,10,62.85221410125224
6.62522284353982,89,7.337749496457352,5,100.0
3.1171107608941098,98,4.477676569173341,1,64.4063891720109
5.200680211778108,62,7.119296623382866,7,80.72573955006021
5.4671027934327965,68,6.258838393686146,0,65.11479983651512
1.8485445552552704,57,6.933042315877371,6,54.54143979477714
9.695846277645586,70,4.840071038724317,1,93.38032890963089
7.7513282336111455,69,7.68436872472091,9,100.0
9.394989415641891,91,8.313985387716142,5,100.0
8.948273504276488,78,5.083699000453878,1,94.18537339568059
5.978999788110851,74,4.478572777600808,1,68.8225879322549
9.218742350231167,57,4.118192930231682,9,95.07767272733916
0.884925020519195,98,7.20985750221633,7,80.83225896818699
1.959828624191452,81,7.0354701804439035,1,52.90240705646853
0.45227288910538066,78,6.73348706357035,6,52.23754322955199
3.2533033076326436,56,5.159735480579878,2,52.54999425550723
3.8867728968948203,53,5.954529979527573,7,69.86120458321761
2.713490317738959,70,6.972381675930865,6,69.83054779896094
8.287375091519294,63,6.483834294295847,7,95.40793992465315
3.567533266935893,74,8.938927601074436,6,77.48618144438622
2.8093450968738076,83,4.682198762783665,10,80.54382314485596
5.426960831582485,99,7.475722770237969,5,77.1178874881635
1.4092422497476265,84,6.021593840521461,6,60.935372404342345
8.021969807540398,73,6.140998074628074,4,89.1237831405409
0.7455064367977082,42,7.587988828290881,6,51.22618383608285
9.868869366005173,76,7.462180756621848,0,100.0
7.722447692966574,82,8.956279968510941,0,84.89929986101906
1.987156815341724,79,4.641971447270626,8,74.10512009893272
0.05522117123602399,65,4.520548246920832,4,41.05439400401497
8.154614284548341,94,7.621694085643705,4,100.0
7.068573438476172,62,6.891934585032045,2,80.83389895643302
7.2900716804098735,83,5.37080333279903,4,87.37578467111355
7.712703466859457,78,4.397096844944933,2,88.10829905751875
0.7404465173409036,54,4.428291247982153,8,48.13579435710311
3.5846572854427263,95,8.470954373320591,8,86.91752021745316
1.1586905952512971,88,4.959336623593715,5,66.17202599449058
8.631034258755935,43,5.616857810577604,0,67.7732649735966
6.232981268275579,68,5.1332820111349395,6,81.87611584023108
3.308980248526492,61,5.774981529159687,6,56.19245096248271
0.6355835028602363,64,4.347119213730467,9,64.57035270206806
3.109823217156622,52,6.595298954541352,9,73.5724736760497
3.2518332202674705,57,4.338062817961075,3,67.48582773516327
7.29606178338064,72,8.001782539111808,7,100.0
6.3755747135521315,55,5.168560409552165,5,68.56674323886259
8.872127425763265,84,6.700059573022553,3,100.0
4.722149251619493,81,8.40039543780729,3,74.22149332260302
1.195942459383017,83,7.25438684523597,1,63.578673522652515
7.13244787222995,41,6.664788932756677,1,61.88611578677525
7.607850486168974,94,5.621668765576878,3,87.13681554079963
5.612771975694963,74,5.6650095652909895,4,68.94482174057335
7.70967179954561,81,7.34743477599095,7,97.20132944339494
4.937955963643907,73,8.970696806105838,5,78.38378430651336
5.227328293819941,69,7.309195949246893,3,68.04678783839717
4.275410183585496,98,6.788917086850125,10,100.0
0.2541912674409519,94,7.65325255119623,6,68.82686492153044
1.0789142699330445,52,6.32602806141859,7,54.907800171785965
0.3142918568673425,52,4.300711713003926,1,40.918704806584195
6.364104112637804,57,6.811484079389549,6,81.52477768218279
3.143559810763267,71,8.7881264225269,1,59.950650891344445
5.085706911647028,71,4.876514711788298,1,57.080515269223454
9.07566473926093,74,7.450024454103328,7,99.85308564279428
2.4929222914887497,98,5.004668443295282,1,71.20102634657663
4.103829230356297,78,6.679138422365407,10,78.8007424180815
7.555511385430487,85,4.483382248233598,8,98.509957613609
2.2879816549162246,91,6.251854681290926,0,65.51324335259076
0.7697990982879299,68,7.78081664447623,8,64.03735298260838
2.8975145291376805,88,5.737857621194911,0,63.15820453203115
1.6122128725400442,68,7.32455862243609,9,71.18820117193954
9.29697652342573,92,7.977249803948646,9,100.0
8.08120379564417,83,8.635889097397264,1,100.0
6.334037565104235,96,5.173210409277267,5,85.21515000293766
8.714605901877178,55,5.996579579046541,5,88.76831305167289
8.036720768991145,95,4.7620800666520875,0,78.61656180827417
1.8657005888603584,83,8.962417510791877,6,62.08460702995285
8.925589984899778,86,8.635004839621477,7,100.0
5.393422419156507,96,6.699785651402798,1,83.48358124331193
8.074401551640625,49,8.210166471882106,7,98.54567958815515
8.960912999234932,69,6.60478988636021,8,100.0
3.1800347497186388,64,7.117928440013799,5,72.3353339819482
1.1005192452767676,78,4.445622160580083,4,57.22966926953415
2.279351625419417,59,7.77635210248404,8,67.34928661093424
4.271077886262563,44,4.638567418176174,10,60.576383951748284
8.18014765922493,40,8.130338151262642,8,88.43123156994093
8.607305832563434,69,7.910140438351929,0,92.90869379581216
0.06952130531190703,88,7.543723488714882,10,75.1264627841295
5.107473025775658,42,4.180801902623811,2,48.267298200711174
4.17411003148779,84,5.515641779726643,8,84.57196195318464
2.2210781047073027,53,5.315562849554214,10,65.57848028198354
1.198653673336828,95,5.800682037357595,1,59.34408304197302
3.3761517140362796,69,4.438213733819193,3,59.217908260933115
9.429097039125192,89,8.684789115155315,3,100.0
3.2320293202075523,43,6.769011203561881,1,52.384734202723514
5.187906217433661,57,5.527621553290118,2,60.587480366591514
7.030189588951778,76,5.984907585371417,2,83.7958334224122
3.63629602379294,64,6.236012702524178,0,55.306529820276985
9.717820827209607,87,7.002971666803086,5,99.958878130923
9.624472949421111,40,6.578397138482488,7,88.47112384887971
2.5178229582536416,92,8.596959866072087,2,62.76458609668526
4.972485058923855,85,6.484817414529151,4,84.7325277990281
3.0087830981676964,54,8.960790074116563,0,56.344942526843205
2.848404943774676,48,8.257124788725479,9,66.17882124029461
0.36886947354532795,54,5.042552571786679,6,52.63205922774324
6.095643339798968,88,8.65297607321958,9,100.0
5.026790232288615,96,4.58183198942738,0,65.54150136046347
0.5147875124998935,63,8.087248542455958,10,61.751041946492336
2.7864646423661146,43,5.9031164673829,8,67.10282708296283
9.082658859666537,51,8.389871602225348,7,93.24565937733767
2.395618906669724,98,8.340283450537251,6,81.23476787821228
1.448948720912231,97,8.029627000588107,9,83.82338072831057
4.89452760277563,76,7.950152181535307,6,85.7226847997235
9.856504541106007,100,5.523395695490204,4,100.0
2.4205527151150044,76,4.404596415256261,4,53.4304401214712
6.721355474058786,82,6.014900893825807,10,93.05426375528153
7.616196153287175,99,4.867622574932543,4,89.61745368079029
2.3763754399239967,45,7.474755444512309,0,43.35179598356018
7.282163486118596,78,5.730498632688928,7,98.5687016368831
3.677831327192532,95,8.878051004299575,10,88.98658574557925
6.3230583059357945,85,7.20486038672666,0,85.59181483285198
6.335297107608947,63,8.112402818171805,3,79.27692452402704
5.357746840747585,50,4.662623363709242,8,66.56899746510179
0.902897700544083,52,8.310072411363112,8,49.17778354260736
8.35302495589238,73,8.613785952566971,4,88.55484421554921
3.2078006497173583,64,6.435309594094679,3,57.180355395606526
1.8651851039985423,46,7.031264688754887,2,44.94269901878589
0.40775141554763916,91,7.824049004514977,2,64.81716997042041
5.908929431882418,43,4.874193136302063,4,68.48847449295741
6.775643618422825,98,6.512830382317212,9,99.90917259634703
0.16587828927856152,47,5.993315138861566,0,33.65934814097678
5.12093058299281,59,4.731869960811245,4,74.92612418254775
2.2649577519793795,68,5.837672111457657,5,69.5697200879624
6.451727904094499,93,4.340861546927468,6,88.56833255655945
1.7436642900499144,92,4.129059534747435,8,74.56788266826945
6.90937738102466,90,4.675831445774114,2,90.84832663111065
3.867353463005374,84,8.81557555794587,1,65.03255881502668
9.367299887367345,85,6.747647679475085,2,95.76975935998843
1.3752094414599325,49,8.8291108057661,8,71.23436249094819
3.410663510502585,82,6.162489391650659,6,72.67311578520973
1.1347352124058907,73,5.559080665426298,8,47.347080569376566
9.246936182785628,96,6.5307093142012205,1,99.09129049039697
8.77339353380981,65,6.197558443164551,4,95.88521205095746
2.579416277151556,80,4.52832342130872,3,59.9862804123797
6.59984046034179,88,7.204131573451031,1,88.18428518261418
8.172222002012159,97,5.080190912547998,8,100.0
5.5520081159946235,42,7.097939774489148,8,72.98123287179001
5.296505783560065,95,7.251005461990767,5,86.38757490970997
2.418522909004517,45,4.76012426564324,10,60.380067956080424
0.9310276780589921,44,4.306748135553341,5,41.757529276051045
8.972157579533267,44,7.903807930342199,7,92.53878785758559
9.004180571633304,93,6.299002118846601,5,100.0
6.33101457273268,86,4.290818977527379,0,70.89398014561446
3.390297910487007,62,8.974331585848836,3,69.45158727453745
3.492095746126609,88,4.288902804981833,6,76.23444407616154
7.259556788702394,48,7.475176144292766,1,65.76809439892023
8.971102599525771,74,8.918394626317067,8,100.0
8.870864242651173,59,5.195900521079628,7,92.81152161811235
7.798755458576238,97,4.711246843435981,7,98.54470596837228
6.420316461542877,88,4.606924697112144,6,91.70229158987765
0.8413996499504883,100,5.516375737837977,3,60.90533703314271
1.6162871409461377,98,4.505229055053233,1,59.137256462113086
8.985541885270793,81,7.46080670847066,2,94.24577630587993
6.0642905965958995,74,4.311458990650314,5,68.57827684722706
0.09197051616629648,89,6.547110640748949,4,46.902332254517134
1.014715428660321,57,8.983484269264885,7,62.78859341529151
6.635017691080558,56,8.069851347530093,5,83.04935153290995
0.05061583846218687,63,7.076097191155054,5,51.798584606376465
1.6080805141749865,42,5.5312681039330585,0,36.575302989055615
5.487337893665861,71,7.119479181458193,3,77.14848484811327
6.918951976926932,74,6.635207319558258,4,90.31029139184513
6.519612595026006,77,6.130416919451857,10,97.8819936760408
2.242693094605598,52,4.653551883700997,2,50.525115991960554
7.121792213475358,95,8.433021076202333,8,100.0
2.3724908749680007,100,6.248923244106613,0,62.85839216045437
3.2539969815926773,86,4.973112559103825,5,71.58722433695226
7.464914051180242,64,5.838796754386448,5,80.42127435723764
6.496328990472147,48,6.070648762644636,9,79.92370783309048
8.49223410494178,43,8.137689477834371,4,84.82440602357782
6.576128923003433,53,7.668071902807011,4,78.23838008013625
5.683086033354716,76,7.846524468206699,9,91.97638470317203
0.9367476782809248,73,4.055156322143236,4,43.05312748482007
3.6771580305943354,50,6.0807699908988075,5,63.729377866872866
2.6520236768172545,80,6.406720758176618,7,76.24470193343726
2.4398964337908358,95,4.0959613841152835,1,68.60985741344594
9.730105547524456,42,5.299066043725171,5,88.25753980801628
3.930977246667604,98,7.801449115610675,0,74.46509363551678
8.920465551771134,67,4.685548528644995,3,81.7082772680949
6.311386259972629,68,6.6765506572629585,9,97.57012196119433
7.948113035416484,48,5.0760093600861875,2,74.33174878162491
5.026370931051921,42,4.060603873219466,8,67.01992827082582
5.769038846263591,64,5.206007287997707,2,67.5869278164191
4.925176938188639,73,8.879368774550269,5,79.99477440786941
1.952429877980445,51,8.007685559414949,0,49.61885417898635
7.224521152615053,81,8.797883221605167,5,91.01116909299265
2.807723624408558,48,6.439270219631812,3,60.24431785710032
0.2431596643145384,54,4.548680993387517,7,52.95079259603959
6.454722959071678,79,6.739797444868465,10,95.58290195075988
1.7711067940704894,64,6.271886672799805,8,58.67998448658685
9.404585843529143,44,8.221785413698079,3,76.99047010326481
9.539285770025874,50,4.490412903921223,9,88.42018529555068
9.148643902204485,98,6.441205685108891,9,100.0
3.7015870025544437,73,4.750243323469921,5,68.78513095421535
0.15456616528867428,63,5.6233796344503,0,39.68785792187442
9.283185625877254,99,7.686785386938999,3,98.16160072664346
4.281841483173143,54,6.380090646843833,6,65.79031060904006
9.666548190436696,77,5.879441425728847,0,97.7279878350516
9.636199770892528,47,5.972381392850177,7,92.44562461356622
8.530094554673601,98,6.297233842029933,9,100.0
2.944488920695857,44,7.925082719185284,10,67.61459838763534
3.8509772860192526,87,8.460423444701172,5,77.12064622767237
8.511366715168569,65,8.77667343251964,4,95.7785757406091
3.1692200515627764,57,7.934516931276475,9,72.61786101480541
1.6949274668609249,45,5.577034478740064,10,60.34518961219621
5.568012624583502,76,7.4406735304327105,8,83.03179204995737
9.36154774160781,99,6.18801562027696,1,98.54018710526746
6.96029796674973,87,5.273353110230255,4,93.6003677612047
5.700611700893649,52,8.204357897129613,5,68.94037402655007
0.9717649377076854,67,4.192131744811625,6,47.02752809796179
6.150072266991698,44,8.508809960677118,4,74.36446780627305
9.900538501042632,52,6.30738732312367,8,100.0
1.4008401523652403,56,7.186007384041402,0,41.331966316195164
5.183296523637368,89,7.296769611028914,6,86.71785742705042
8.773730719279554,79,8.475588703532683,9,100.0
7.407686177542044,84,7.183348410836037,6,100.0
6.97015740995268,71,7.069667923800309,3,78.04401457091522
7.024840839871093,68,4.33326020280345,8,88.81232220810212
3.5949115121975517,90,6.59204010972602,10,94.71871778046841
2.9359184426449336,97,4.750845004085209,4,70.40182191458943
8.093611554785136,42,7.687168843607428,3,73.24319969219795
8.101133946791808,95,6.561109604063372,6,97.99742939794969
8.670723185801037,79,7.401138896041767,3,94.95220651452941
9.132405525564714,73,4.208364503011921,2,92.45799315818552
5.113423988609378,79,4.423960080229016,8,81.81126085427181
5.015162946871996,66,7.5816169403134115,10,87.58520851451644
7.9829517896677515,52,4.360421679993367,7,78.45389389745647
6.4996393077776515,84,4.356283638826293,0,79.72635198142358
7.019668772577034,72,4.060542376174437,6,78.29113575940727
7.95792669436101,45,8.7825069914974,8,88.83216503344168
8.900053418175663,63,7.687541797295035,7,100.0
3.379951568515358,58,5.766257042510321,7,55.43511443599777
3.75582952639944,55,5.482677906438276,5,62.61430919330229
0.93981939840869,79,5.748516148729248,10,62.600761457543044
5.78280140996174,67,7.873267655905909,3,77.5432893561661
0.35942273796742086,72,7.306853055352072,7,57.45054176198156
4.655980181324601,98,4.92597783933734,2,86.86103071204015
5.426446347075766,98,4.870546676670422,8,90.10771914272014
2.865412521282844,87,4.491978248566987,1,69.32427596796491
5.9083326056901075,80,7.301513598506691,1,81.07945168138079
0.3050024993904943,52,7.82186331110868,6,45.96144426552118
0.37348188749214417,82,5.32523214162502,9,64.97192834700955
8.226005606596583,84,4.104724805154564,3,87.41742891160298
3.601906414112629,64,4.410858337382137,9,71.6420361990336
1.2706051265188478,92,8.839300174225151,7,71.26217104387821
5.222432600548044,81,5.477223887387101,8,93.91749894424419
7.699935530986108,75,7.846115739190668,6,100.0
2.1582102749684315,66,7.123317844271319,4,59.596594904192756
6.228904758190002,77,5.909698198264479,7,96.40949402782664
0.85347464993768,99,5.028436310977776,3,60.29564209205819
0.516817211686077,46,4.606932090797033,1,37.686075064330275
5.31354631568148,44,7.075064840194333,10,78.50936419640819
5.406351216101065,82,7.87316890318894,5,87.5475318609361
6.374299014982066,84,7.2195212677056535,8,95.50334370560775
7.260913337226615,97,6.651510666245791,0,88.88409478799433
9.758520794625346,96,4.209756117158181,10,100.0
5.163003483011953,90,8.84244388797192,9,94.15124602856164
3.2295647294124596,70,7.993570958272873,6,70.1296222289926
7.9518619476870365,62,5.464110183504824,9,92.40375502301397
2.708322512620742,81,8.899851646794254,8,80.88987094070369
4.389714207056361,49,7.009407948181611,9,73.4144918341277
0.7845638134226596,71,6.912113291036232,8,68.0122083183143
0.2535074341545751,82,7.740365897147661,9,71.78386055996641
9.626484146779251,92,8.058848940450687,10,100.0
8.359801205122059,69,7.282393036657513,2,94.87271158618502
6.95974206093698,78,4.640478731831,10,100.0
4.089529444142698,70,5.6913375299724915,4,57.611190806047894
1.7329432007084578,57,8.640418201630249,7,67.40700283213418
1.5643704267108605,75,5.12307805921926,7,58.603087265335326
2.502428981645953,41,5.860835119187566,3,50.63755525322139
5.4922666470612045,53,6.16038441472098,10,87.17329176798013
7.145959227000623,52,6.1970249484722615,10,84.53888305939488
6.601973767177313,68,7.064697912472628,0,65.07762916575301
2.7993389694594284,51,8.715379188723539,0,56.004623665823544
9.54865280663194,78,5.203463559162525,3,96.0272035639028
7.378969166957685,41,4.60750688150459,5,64.16766582828447
5.543540525114007,71,4.987352449299687,7,92.74023005148351
6.117207462343522,52,8.434624501046347,5,81.37738337509306
4.196000624277899,85,7.22905406327603,8,88.78861144856732
2.4773098950115746,66,5.4295339461958,8,72.47470613025972
3.559726786512616,88,8.079734694843086,1,68.25398355801674
7.578461104643691,80,8.30684998181718,9,100.0
0.14393488629755868,56,8.23257169345139,0,32.98820824949176
1.1607264050691624,79,8.594632668197772,1,53.553155125315435
0.4600264202175275,70,5.261205100866808,4,50.750842305167446
0.40728802318970136,73,7.775209643731392,3,44.460436067749036
8.554605840110073,99,6.3026974863707,3,97.79697644490135
7.036578593800237,63,8.209992764450307,8,88.1632086982132
4.741738290873252,84,7.642453385808066,10,93.30405945408411
0.9783416065100148,74,7.882237232498623,7,67.12968880587407
4.916158751168323,87,7.280809188405358,5,87.65317615453462
4.734717707805657,45,4.8871438473485345,0,56.44195945761611
1.7320186991001518,58,6.725134594484691,1,54.170946917332
4.33851649237973,69,8.92334869762254,5,80.17550712556077
3.9850473439737346,46,8.686940332485594,10,85.13579687931194
6.158500980522165,49,4.215868678985059,1,61.42175486690436
6.350936508676438,80,4.824074078647186,9,90.53622492942382
0.4530400977204452,71,4.65864386727281,4,51.01902503994804
3.746126146264712,73,7.629899549926478,4,70.10837395621357
6.258599157142363,67,8.088926649284726,5,93.53367272815653
5.031362585800877,99,5.067556831553359,5,90.54684395778716
8.564898411883222,54,6.529263464759145,5,91.23440970993198
6.58693631618945,69,8.203515140056,1,79.598808581266
1.629344270814297,76,7.6640077238312525,9,69.83735094465968
0.7056874740042984,68,6.711186027459242,2,51.657434447778776
6.424192782063156,61,6.951738452293864,5,74.78895355566873
0.26511310541621813,43,6.5418027345814,7,53.28098866344899
5.8577558127346325,59,5.487742256594103,10,82.9760800499345
9.402302414249576,71,6.8251099642950805,0,90.58726566604169
5.75474177875879,75,7.444426510250453,0,69.11455653332841
3.881699262065219,89,8.366614579304038,10,95.35665678453027
6.432882184423532,43,7.18145676989624,1,63.4586163977185
4.582528904915167,66,7.80560768521579,10,88.17000384653291
5.45616789315935,56,4.800358174772865,5,73.06852316022943
9.41464808776525,51,6.307787372098949,8,92.85065461508145
3.8610263780077423,61,4.046658099135467,3,52.180802483739676
9.611905638239142,56,5.233394322608115,2,92.58581641913466
9.053506419560637,49,7.632308575565024,7,93.17065407878782
1.9579113478929644,93,8.959049756746818,10,86.03190033318667
0.6936130087516545,40,4.495890497936079,9,48.88716866286414
1.0077800137742665,61,6.007471579306442,8,51.18534257799311
0.18221825651549728,65,8.000354843495797,10,65.22513165366853
0.944429607559284,95,5.020178173144494,4,61.258137064858595
6.830067734163569,98,6.7754247465114315,8,99.68353467531875
0.7118864846022899,57,7.665356480148374,1,37.90746545911954
3.189756302937613,89,7.079927251300895,2,72.7380637570762
8.448753109694545,53,4.940123673077081,6,90.96257293560129
0.23271935735825866,86,5.7769228434286966,6,60.0103950606127
8.144684825889358,68,7.918958922426986,5,86.58901526505234
2.8185477477339993,51,6.771132570660083,5,52.74833979411651
1.1816482762165625,75,4.026148067714564,1,43.799918969891664
6.967371653641506,98,7.804953800140469,9,100.0
6.28942846779884,74,4.176556774701195,5,78.16650257790222
8.77472013527053,91,7.728668913656161,3,99.38809388967395
7.350710438038858,100,5.012402800826187,2,82.41093379346609
8.034809303848485,51,8.790367400596901,10,94.87135736988567
2.820345725713065,46,5.839703756510422,1,40.016454371632015
1.7743954377972282,68,5.634658081690396,0,42.32539419775294
7.506147516408584,50,4.7444402516622235,10,87.61937148616109
8.06834739267264,72,5.528021077451074,10,98.19195809020945
9.905051420006734,45,8.383253809141003,4,100.0
4.126176769114265,86,8.981671688136236,1,80.38424408538118
3.720180857927832,54,5.841547652534242,1,50.83957990565595
7.764129607419968,71,6.243053154772713,6,87.12266513794269
3.4080354025301784,90,7.6103546910136854,7,89.17409607299923
9.307573256035647,50,8.430978902325371,9,100.0
8.584127518430119,97,6.9652216709339205,7,98.67983971629079
4.289940273750183,62,5.957628490889147,3,64.62924647038773
7.508710677914974,65,6.063109204243119,0,74.41038025857748
7.545428740846823,73,7.478090732484034,10,100.0
1.031238688359326,85,4.0160913180213935,6,68.90171669864694
9.025529066795666,73,7.097946687299204,0,86.10325361193776
5.052523724478571,68,5.777465052206787,10,73.71405615348685
8.264574661077416,43,7.9709866563854215,3,83.35988511890424
3.2004960103061175,56,4.46495319911566,7,68.28220679278293
8.955232284962005,74,6.941011334741953,1,88.73938518669505
3.892016787341631,52,6.404864449430619,5,59.54462543487109
0.1083765148029836,80,7.211627629526137,5,54.7788408061787
9.053819764192637,78,4.324267972414842,8,100.0
0.9128667678613356,54,6.899918937140656,4,45.69186700716308
3.1931363759041487,94,6.807422939797618,9,86.82432926083021
9.50061967050805,68,6.8033004720808545,3,94.44871387540167
9.506071469375561,68,7.017438332982274,4,96.38833595072853
5.734378881232861,50,7.382339686131811,9,84.9430354121891
6.318372121697992,91,8.02494499840385,10,100.0
4.4844552197831975,71,5.3491036006410715,4,67.36755049928674
2.9321077169806453,41,8.12524705090031,7,65.29904693670261
3.2866454536991596,86,6.491278411317268,9,76.88115747028706
6.725184560770384,53,4.385291395671656,7,73.1954046410836
7.5237452943768,59,4.292754646219896,1,65.50266430760583
7.915790437258485,61,5.671191593480303,6,91.5663899396358
7.896181427945539,50,7.924484885557337,7,88.80369207043601
0.9120610304869037,66,7.538404673704578,10,59.469038769448346
4.944203047025814,42,7.943074823362032,5,71.67620769339848
0.5755876001664428,56,6.586345282208047,4,43.67291775737113
5.495288823237355,83,6.200994989777453,10,88.72004370155727
4.41530501373377,95,4.73726263353142,8,84.57265754134693
8.877041827582998,67,5.640963768046557,2,93.86075472134758
3.5091501255207866,68,6.170096830869376,9,73.11113330685984
1.1706701642760586,60,4.443002148398087,3,47.61604943875439
1.4299168205283586,86,5.103059763556056,8,71.39110373200866
7.615106317174723,55,6.991126470318694,5,86.27415101654303
6.182180633162611,76,7.678315571195949,7,97.02289255657627
1.0112267612279024,98,8.991737556964749,6,70.70402889690762
0.8410680611499743,59,8.66556665671779,10,59.91979940393377
7.009691314591199,45,7.2128259976759574,1,64.15927528818294
0.7276300636419353,58,6.10624026647036,2,42.32828877465143
8.218600592903563,96,7.180886823541163,0,89.1195433223975
7.062422271564962,44,7.92825809040116,8,85.50633209795377
0.8134878064189976,42,4.591680954616937,6,42.43574303995333
0.8483771408519192,98,6.049524448481441,0,60.633801117152686
9.866395785011754,40,8.199011428178085,2,87.18572332259512
3.742707957561203,97,5.91916475966522,3,73.27111002782921
3.706421470668909,99,6.859361356135933,3,79.90507608777982
8.127995672575025,77,6.938846804310991,4,88.16670187200741
9.472485773838587,54,4.9223812656681964,2,82.61648796040774
9.860010638228708,73,5.811177208261442,2,95.71941377564433
7.533781852589416,100,5.672556443709661,0,89.66061014111703
3.762595855309158,74,4.130983542660324,6,70.75027183654635
0.8350071669866876,88,4.120958819456776,10,64.39672339528303
7.771469159274368,64,8.158485218378868,9,100.0
5.58404249735805,63,5.365354049864062,0,72.96176533349691
4.242220092469763,51,6.590393831194078,1,48.778507400444
9.06354385094736,57,5.493627867943865,3,79.02698501085328
1.1119748230615134,54,8.703396225576704,3,50.7820816065829
4.926251042908591,83,5.296483794328869,4,75.14146790043633
0.11353644767419069,55,6.148284063694676,10,64.3463123946242
4.6866064199412625,66,8.36365125242301,1,69.65925622167464
0.5630327568183735,47,8.209667833959044,3,50.99722572063974
1.1881791626807192,99,4.930507089231386,0,45.15629055959837
1.1752624677710488,85,8.013216548978551,1,61.9735928534741
6.492103021160636,64,6.290934433689463,0,67.0647998768905
7.460448792654233,56,6.414844360426776,9,86.87421983602644
5.833687650971596,68,4.667399862079719,9,82.4614478469568
9.621725484745419,92,4.403007568785624,3,92.59172436264289
3.748705795237041,47,7.6396965348688255,3,61.036849672532114
2.8571208628186073,54,6.482305761776499,6,61.803790671230004
8.685991281894603,66,6.184253513075898,9,100.0
2.235958385194526,85,7.647541143261984,10,84.91002932316113
9.632225394406113,89,7.827564494955549,10,100.0
0.12154474689816341,91,4.794540838346768,8,60.77825016574661
9.69878826707639,46,7.051125747388206,8,99.38294602884073
0.43159911950576113,42,4.676770411388428,4,37.77647746198056
8.911431136980712,68,7.756875430145229,9,100.0
5.277011090862999,83,7.284775781335698,0,76.11759533931631
9.929647961193004,92,8.78307310541729,0,100.0
0.7379656473539886,63,4.344790081782106,5,45.28102405788769
5.538542844013207,99,4.285273605756272,1,70.23458191556018
9.69302535619099,97,5.410935373466001,7,100.0
5.230978441701488,42,5.30852841867953,8,73.35828371354353
6.293986381352625,59,5.234893995359999,3,71.65636744071901
6.957486889846171,85,8.531272902605183,4,91.51198355196624
4.545410647677732,54,5.247730999247531,10,69.4400288948355
6.275580800840634,64,5.359748630643155,7,82.80383187414213
5.843143119231002,69,7.796991312089819,2,79.63222959670371
9.01158010490989,53,6.2486992122527,4,88.284659224535
0.4544638034145787,46,7.883552784775906,2,39.17277293084998
2.809631895922303,56,4.326830787821926,9,63.83502747674268
9.504114840765588,83,6.437855968366922,2,98.30050097334885
8.902637838909163,59,4.1680680009164135,2,81.39780985246695
4.55656752785713,75,4.3132660172767725,6,67.48784491874359
6.201325978015367,48,8.532187266722055,6,80.25763617659534
2.7738118298113266,77,4.696226855587976,6,63.85853051790161
1.881211597237613,87,6.662103411376085,9,80.73335783898904
4.636984049399821,96,6.055478013003533,7,88.36046948175755
3.533522280260528,99,5.736716631294213,4,80.91844077300553
5.836561118508721,61,8.499166728436363,4,77.07223211416758
0.7773463696498484,93,4.109116983877447,3,53.97639662794685
9.743948076661665,92,7.3189484308779456,6,100.0
9.86210744479603,92,8.816972171067752,9,100.0
6.981617140197452,41,6.80084091730921,3,67.33719487357699
5.360963663441204,63,8.68411231016546,1,75.85791513063933
3.0952761628632777,47,4.261289396430119,3,46.132435940037276
8.137950197069486,50,6.093966595370807,7,88.00617486514666
6.847311725538793,52,5.300788954810256,8,90.82150969161151
1.626169393448913,56,7.654104824903649,2,42.68264467886159
9.109271844938425,47,8.906485452486233,6,93.28042052083191
8.22537242923169,60,5.282650312221239,8,93.73352097511108
9.49799913291924,57,7.270873007370373,10,100.0
7.2571950838836,69,4.990488163798701,3,73.66078221021104
6.134151959357899,57,6.826651272858049,9,77.4451109996305
4.182430362906189,85,6.319662433441681,2,77.00522344136643
9.327284833540133,86,8.860026648157685,4,100.0
8.660638895004084,70,7.042636363482333,0,81.5770546619985
0.45218670106189407,77,5.747531860434094,2,56.30724559003849
0.26366974497252005,71,4.570478924439667,7,53.20781814740104
3.7646336687804958,50,4.756234143674673,10,68.7168277696597
8.105533307818328,84,5.126584649756175,7,97.48183861284633
9.872761293149445,64,5.2548333067014905,3,85.35356274543436
1.5041689110352818,72,8.25308028920569,1,58.20548988055973
5.941307153521351,99,6.806113941412624,7,98.96601626006013
3.8089085663102153,77,6.616954556871832,7,77.9219085719919
9.699143978146033,80,4.573844359346087,9,100.0
8.421189231357086,47,8.300698466747175,3,82.04574484358835
8.383287047111379,50,7.614071516042419,2,85.7069952153788
4.686931597949703,61,4.338341809500008,1,57.804876292718056
4.148195023376652,90,7.539175486148843,8,87.4990208965115
2.7340707193070624,63,6.717691086713231,0,54.95520154438064
0.5637549665092711,80,4.408626728733891,6,56.67583294341607
8.647223762550531,56,6.291503207643283,4,94.43050551574142
8.129010091300776,51,6.423481435650235,7,79.08517944043784
9.997176732861305,96,4.828872700816379,3,100.0
9.966368370739055,85,8.728490735001412,6,100.0
5.5543170560262745,71,8.24987685740331,4,75.96090632116335
7.689874151805105,54,7.3451116866455415,4,80.45427310209486
9.44765729882428,55,6.311477805003036,8,98.13463914653629
8.496473906774115,93,6.058827707922543,8,100.0
2.4734810174319763,61,7.254867335754771,8,59.69060868027695
4.505441353100935,67,6.727159347034528,5,70.07610631118463
1.2915941515149498,59,4.311365529409428,5,50.0868095737759
9.540510272587223,72,6.562513243851658,4,93.24292559672115
6.0617463445088005,49,8.032018086164197,8,76.39884837128982
2.2864280550346274,79,6.296199387984791,9,62.343877513677995
6.7170068440585675,71,4.259782887771342,7,81.18863275395874
6.181282404578958,89,7.9313909969201655,6,88.62104802198105
3.5816271803284048,99,5.006818910679872,6,74.60210930745147
1.1355759219962902,72,5.293104174440193,5,53.704986442463564
6.715731955927996,41,4.823531767161479,4,64.62657893124845
5.2030770090379335,72,5.651075324357487,3,66.28634622460811
7.723183917356393,72,7.783757528443175,2,76.40422681750218
5.201635011119934,80,6.5969292975196865,2,76.71359017637725
8.5218150031854,52,5.024406370753563,5,87.22202382647649
5.519068387744856,69,8.389150390760204,3,75.98991782527283
5.609379715353863,72,8.397909274757646,5,82.31383864401322
8.76653602658345,52,8.352892125230035,2,85.35251696180795
4.034828662123971,91,5.193981056907696,3,80.85602330749651
1.3401522845064073,65,6.25619672090494,8,53.37461589521306
0.28782676313338973,61,8.924948280704376,4,49.616581747712864
7.55137255673619,78,7.860062381549952,6,88.06712272611725
6.203095513534647,41,4.135837106127799,9,75.49874407360663
7.0407976809922355,77,4.32602295630246,1,75.93624234862604
2.129641615089107,78,6.319656884061664,4,63.50248240824926
1.3637147558676976,65,8.5461010293078,8,66.67638865090947
0.14544665667881929,85,6.693508989763571,10,73.06779253143883
3.5058755880659698,97,6.489062540171451,2,75.99816784351509
5.899176868546331,89,4.527368499783153,8,94.3031611305984
3.922440450997323,54,7.283900523621471,10,70.45232985274484
4.374749220237291,73,8.110515803001128,5,83.26063203206444
9.041586944937483,81,5.902100037537812,3,91.80032110231805
3.4825546702330037,94,7.8780592546266375,6,79.44454414729839
5.139894891598108,83,8.822383269504058,7,91.89845388376364
7.8365301274114305,88,5.018832295638445,5,95.92990654358043
3.9654278232127016,79,6.6166481559737065,4,67.30115141684853
6.220867002278735,50,5.435689790422877,5,71.10931813336994
8.623637087467452,100,7.964272095169196,4,100.0
9.495206236576422,42,6.887966829405787,7,84.71028203402321
1.4707348092903794,98,7.172912087751518,0,68.32559442701857
9.265876251614944,45,7.989570798079471,10,99.1000305971512
4.921162930795382,48,5.979852363312275,6,56.076745213425696
2.5824438829895833,45,8.575450342035216,9,59.229461431603816
4.591357562382613,48,6.6651443362307,9,68.66968879569849
9.800325752854771,78,4.7897741141767405,10,100.0
4.926180939928696,70,7.479495590844012,1,69.06632958820481
3.287516102875082,71,7.966306752191272,8,63.2527933699501
6.334008543167258,80,5.583808385337633,0,75.77168144889983
2.401456187781931,89,8.285896284993765,10,78.90362096727276
0.7586332810866392,51,8.530716273828832,9,66.20721181109616
1.2887972191064923,47,5.3845224368890445,5,44.66214736559068
1.2804583895777244,47,8.91760736357611,8,63.75173753370449
1.5190269351229435,89,4.703557640243792,0,58.153994855673766
1.3882717264941014,67,5.01007834201245,3,55.177881533826486
6.4087474480321465,59,4.921124196190131,3,68.65395191772856
1.8188008439914483,86,8.469948550039351,8,73.53790053142933
3.456672833238632,98,7.271462761624809,10,89.90142319300121
8.967884099060118,46,4.760521416111365,4,83.94165020441795
4.739616402628723,50,6.2016170918417455,4,61.5478398480563
6.675577385210271,59,7.07649012534901,5,80.53455480879813
1.7231987120162984,55,4.417320424946917,0,40.81860349167257
1.9228901880867078,43,8.412081842036693,0,39.114154994267594
0.40868616266478863,45,8.018017677207677,8,47.23892472609371
1.6893506307216455,97,6.526033867883191,2,63.507501482354655
2.7859033903195862,61,8.835633076295853,3,61.87167717894784
1.7701048427674682,65,6.088804896375498,0,49.19756140659655
0.8870253375705561,42,8.920551595182488,8,58.43566275297554
1.206358711006008,80,7.339599994018135,7,61.21567944020806
4.607787680327258,99,7.173356366269707,1,74.92522647445789
2.063337184057925,81,4.829774476478925,7,61.52247343543196
3.6426986104807546,53,8.40963879152322,6,75.29500764340733
5.034172708548569,50,6.137448439603076,10,76.84440747093632
6.903948286293653,57,4.811167028912397,5,77.02272196551817
0.39312139841098936,93,4.063037599878795,0,47.5805540118801
7.994103989090426,51,6.798778418191913,6,82.38972671324777
6.279003894909078,62,6.636998110613382,9,95.29036329050231
0.8175903194887191,51,7.596768111845793,6,53.73662109522883
8.735786241067773,52,8.45129026508901,8,97.57946438440662
9.208724005318132,64,4.397032923215147,0,74.91140376726814
0.6107795985486375,84,7.657482451701812,1,48.15920043786559
2.7687764814720373,90,4.937059720487911,10,78.17346419030716
8.062012797930613,97,8.29088526578582,8,100.0
7.482596903836583,58,8.09531756930828,8,87.46639793006672
1.8452101935637732,94,6.703968774927722,5,68.37919841981653
2.093493233367103,85,7.551213993116558,5,68.48775401168919
3.70472102791382,75,5.571750565918742,3,66.37603337370793
4.845229851910213,84,6.355839494664073,3,74.01823089200789
6.1825477153029595,47,8.108184488552357,4,68.89110408031935
3.689136395697724,68,6.296325985866069,2,57.373729520264526
4.625347161331479,94,5.788991326627209,0,78.36958210604277
7.474709381337565,92,6.4710622362515,0,80.8568829473821
0.366832028905979,94,8.141246262186092,6,69.53256416035843
2.5243694434402073,71,5.676040236854364,0,54.971659339781745
7.133495858845524,90,4.868807965678719,0,80.79871784640672
8.952068376871994,83,7.560070101653904,2,100.0
5.116774421156661,57,8.12989106354041,9,85.15224919800262
5.321134852653157,45,4.503187392617667,3,68.82656429002438
1.0717201133977605,57,5.199370563779723,3,41.30202168497389
4.474123668234546,58,4.7098599488049695,1,53.82061118931558
5.326172664550231,61,5.739707057910833,0,65.14796323197291
2.4247050363472966,76,6.251754894527063,2,57.7197067841946
2.6924323094938094,71,7.744131684816532,10,85.7787520415622
3.7728416310462265,95,7.25573792440837,3,79.08418592220255
0.20071197777726368,80,7.104642837392156,2,45.989974464387046
3.220791655831783,98,5.761874733048272,7,72.14362570253533
2.1144800699654462,42,8.2072377654238,9,61.39568291895851
3.2749735217791462,67,6.356435836990823,0,55.44212363521121
1.1976213181925122,49,8.895524690075773,1,46.94798558765604
8.90527280739895,90,7.170710691478684,6,100.0
5.935924535540487,74,4.631323707822514,3,79.9378366133171
6.791023191444896,100,7.38088781037717,7,99.82238641629665
7.891712386073383,68,5.625520077158495,10,91.4405050756618
4.984421989290572,93,7.431635983430487,2,74.8147762382685
0.8692028808742369,54,4.348205740812029,5,40.95841735938834
5.371065418185478,72,4.874407185879797,8,79.57048372249189
5.868411180208791,46,8.278686294528931,0,65.82473918492765
7.4543947418433,51,5.135897785117574,0,63.93893129497176
4.316595462296794,88,8.1852056262147,7,88.55534841947996
1.2758030279556376,69,5.3963804422720525,2,50.58197675361755
2.8377590579872445,60,7.214409550293539,4,61.334333803502744
3.630822963986351,70,7.470752867549155,0,55.45250556996659
6.459172413316012,97,6.563273765725265,4,94.56154322421038
5.707783046689119,100,5.526553383483656,10,100.0
3.5609672589784624,63,5.063221881855481,5,64.3607641931678
9.865152487929796,59,4.165946772812131,7,80.49228048201691
6.057748193568871,76,5.519732006203619,2,81.9326028404861
2.372267917359945,43,7.265813952656416,2,44.07922860861562
1.0178247262040374,67,8.691524092242414,10,80.60073526798347
1.5285913918433203,83,8.35602241131526,10,78.13681903867693
2.459577283845081,59,7.830323882676513,9,61.135030714649304
1.6068137325955567,99,7.9422367162664935,8,69.19505464571701
1.8656702405130576,63,7.324924517379976,3,62.87690405070464
2.850951686938471,89,5.3014342878300145,3,71.98715193993874
1.7337359529475482,88,8.535975153529149,6,84.07072450062948
8.967654246264251,90,7.35366155952917,1,97.60021677824737
0.8023374566164221,71,6.8022031549022,7,59.73344417598812
5.245113895702547,80,4.554947346067405,5,75.42187020985477
4.103968269896615,75,6.235277719032127,2,63.69894558125122
9.823786169086064,97,6.301791356009631,8,100.0
1.1203890216805235,92,8.32281804761335,4,68.13489786524947
3.9785559904574166,73,6.733241100938942,7,72.33975821960446
9.69470433275369,75,5.902002744852048,6,93.93108041910263
8.655071258939802,41,8.884001642553297,7,92.2427427498765
8.1707207094928,54,4.553602966631578,6,79.22983148726
2.579028270449398,73,6.112742141559723,2,42.123437010666095
1.7088758739006582,75,4.210123375857027,1,51.727463074502396
6.68643219924431,45,7.699520603834651,6,73.29090701330571
9.293759891275858,78,8.590382760995753,2,100.0
5.567628930139298,81,5.400186647752447,2,78.22775847878128
5.7161268946989985,90,8.291708383995605,1,84.58200129910037
2.7997909366028417,90,5.461091152309489,3,79.40522618941567
7.694929331919369,97,8.553850808219575,7,100.0
1.8704374855752337,93,7.769809517983919,0,60.66360862635106
3.2367923640424365,100,8.024533884207193,0,75.65139169571115
4.254364386164168,51,4.090032778002272,4,57.57465067625642
5.07610378684455,42,8.814051785370129,10,85.61109019193306
2.4240973241508024,84,7.633354960351616,4,62.64316700357964
1.1483682473920354,57,5.523755476930667,10,53.328479953499816
6.1062004244163255,79,8.146973324294235,0,82.25399622730119
2.8863055324025577,60,5.40760599207465,5,53.42268494946907
5.812382214226123,54,8.363769197830639,0,70.43494249900546
1.5436271527420231,72,4.562901952059685,4,55.49395389888132
4.811401018548175,74,7.518429887303979,8,81.22142343721052
5.325894325515859,65,6.703492383224551,4,75.87230719519556
0.5182353682242691,47,4.482672350977204,5,34.183559314154564
3.366042781939206,75,5.2094691412941945,7,66.24965256096591
1.3441467693897424,87,4.062020181386574,10,68.45883551766153
0.6337497047276774,69,6.34383982732253,0,43.85106727364455
9.899602323899453,62,5.506326303800002,1,85.79247154215797
3.2235384497472297,81,6.9917874214887945,8,80.6668469110793
8.09874445854635,83,5.4861890385430865,2,90.60843244505938
2.5464065476376385,53,5.499595557534923,5,62.57805789499877
6.8150272222392925,53,7.715965993658017,4,78.23064136278748
7.6022785988968655,41,4.240714179891767,10,88.8656385101885
5.956387406078443,94,8.514474975959935,1,91.01451454678154
4.715761885501584,76,8.261319371955906,6,93.97133458788548
4.118409141472686,44,7.339023416132033,3,58.23380244011613
3.4886826654299528,77,6.966107850536922,0,60.07383542095867
9.29529144247826,84,8.461512490698262,3,100.0
8.306194077877292,80,4.926650897643572,5,95.3114350433799
9.650269106665126,93,4.394845810954143,6,100.0
1.2429722348554473,99,5.1975508495476905,6,71.79395686332012
7.308674752036443,100,7.9728913935009516,6,93.95534609018665
9.383404568210379,86,4.173351333632416,2,95.54533439347264
1.8123306616566015,53,6.914034175417449,5,55.64580114887535
0.664962673667775,95,8.97718758095655,7,73.94472304257178
7.4112064929005905,78,8.278480469187697,3,90.15177813226144
5.744731131799119,64,6.607228445217947,7,73.57739491045984
8.41828776758272,59,4.318204546433211,1,80.69873251697165
1.397723766262895,41,8.156867571928549,9,59.57119611563905
7.952673118598902,78,6.9948925408860525,8,100.0
2.0162732004774453,45,4.574664985297834,8,45.53691835160663
1.636559428657045,56,4.469286424116781,7,56.05704243924513
1.6426579793099294,98,8.548134097182963,9,81.33626140318277
8.14574720231382,64,7.346001314690392,9,99.73967869057753
6.651972206962001,96,8.146433996583777,0,86.83693085707311
5.230654247691193,67,8.394894501411336,1,74.46109987867929
3.5883048412350247,41,6.858861760241611,5,57.24488212170044
8.772005408131083,74,6.587231758775206,9,99.37491593292737
3.924451074226354,76,6.152137051604951,4,70.75865656827263
8.16599439471577,44,5.584732938955597,8,84.52856516581255
4.391349085702184,40,6.172979804293559,4,57.88573693145362
3.769444294249076,79,7.869398278650782,1,52.24696064834624
4.626797856696064,51,7.009617155075658,9,78.96640401147516
3.0137787416414206,95,8.46261644977423,3,74.42080852102166
7.476093801762511,75,6.216900071895939,8,89.07350128251309
5.027203900924792,84,7.03544789359377,0,77.41973287605222
2.322126951468173,62,7.156537765459944,10,73.9055389270254
8.995745732745684,86,6.958485811531627,0,91.6590993054174
3.8389122137321143,70,7.5131688654275814,6,68.46005190191565
5.435528611139886,50,5.187167341874032,10,78.44213141284436
9.06472110964547,49,6.561818887728953,2,82.66277374662332
6.242379959139921,42,4.521124014041739,9,79.675819238742
1.1689804070836407,93,5.922556638224062,1,54.671337737563874
9.398321236134752,53,6.438335343106322,8,100.0
6.277080530714178,55,7.261121297727362,2,69.20638023234679
3.3490561465708613,49,8.752655262931018,1,49.12143233600423
1.3927207266338726,68,7.003255332741779,7,56.50870052126652
7.9402518927029595,49,7.717969580882799,9,92.42514092960232
6.200727559285135,51,6.531330297476014,5,74.13872584608404
5.334610919763215,69,7.170520156881657,5,80.25340061633327
8.938925830509577,80,4.354661080668867,9,100.0
7.885972112245307,40,5.271957904209235,10,90.86036894996666
1.5167487973275118,44,5.8092654660256935,6,47.496804426376066
3.1172206779554825,59,6.362466775032567,6,53.929655615485466
2.4848913981446574,47,4.228243727511918,10,59.07546100341816
7.43946292572677,82,4.700120487766588,5,79.36366216533463
0.3353243473577938,51,5.384071538956529,3,40.20171971969052
5.698896848713165,40,8.857663454505253,10,87.4957761475009
7.624586857406905,96,5.656735035515254,8,98.90528192665244
8.767656367617494,93,6.4102052905604125,5,100.0
3.4208174871590744,59,4.9804885636919645,3,60.879220786821456
8.212573046720129,67,7.0539003553788415,2,92.0030667214336
1.1063173695520723,96,5.403416077579871,3,61.68623828509327
8.464522917345182,82,5.034962892192134,2,84.22871449235109
1.2748866233198242,76,6.582863142229895,1,55.84423654012961
3.9728729056036727,86,4.027528995802104,4,67.19641798578088
7.972953657795536,76,4.0383201632461265,1,80.9308311459867
1.4991742734877378,51,5.095344045509289,5,47.22980449443917
2.2925139523264146,76,4.183606812504106,2,59.853262670624765
7.222525683930662,88,4.540128770653457,5,94.04452099057687
7.200365365460744,88,5.694303246693758,10,100.0
6.411476328852973,95,8.012928397899064,9,94.32520247236222
6.939484444671001,83,6.860243216846504,8,94.44177132440201
5.427244433475962,95,6.563338629782082,0,81.78401087436606
2.5179905890695276,67,5.467444116040609,5,61.725392482661775
3.4569599350391944,86,8.658768597164082,8,77.48622719745984
1.8159771680142567,54,5.985075206185958,10,53.61709639009875
9.084505613336283,45,4.435463833978858,3,79.27100148542642
5.833917947661204,83,7.085332580589006,10,91.25496906090514
4.008514167636399,98,4.5691919673830075,1,65.57697246876013
4.620058036441327,100,5.72611571400846,3,83.91556025413682
9.472833396118153,59,6.537059693589044,0,90.04948026984722
1.533514031160802,89,8.37111262342588,2,60.256285267474276
5.862298320167972,53,6.467732901700593,9,81.22315586618018
5.05888678884466,41,7.511293830158321,8,72.34578827461814
6.1145423543464785,48,8.964084194995351,9,84.8798596382405
0.18110183820840509,76,4.657445599489908,4,48.82339277080334
8.721239089441514,59,5.373657627597598,10,100.0
9.321182824836123,65,5.972880377988232,5,91.1820531465091
5.65133183589209,68,6.109140892694157,2,64.04855329226842
6.966508238768922,40,6.055105376327729,4,79.39280161451887
9.224993811772958,94,8.538055012782774,10,100.0
7.072386343133986,74,7.570163222334282,7,88.5840688040915
1.5253904291426135,45,7.039526070453519,5,50.38416433049987
5.762883601668132,76,5.546863589313911,3,81.36165600989902
6.067150463828559,92,8.118951921106474,1,89.11887588398594
4.24130671302386,98,8.775302557424943,8,96.26720522961561
7.3644423562472285,44,8.105991412751132,0,69.78306014877968
9.343670147690148,72,4.007825525957364,0,92.17052141567525
9.255685129067764,88,7.182006850917035,3,100.0
4.508393714041321,90,4.255676907210503,6,76.47852608802417
1.1323804584075525,53,5.2880361016686095,0,41.793353139602964
9.848411989623346,51,4.297623501738858,8,94.71760016135154
8.388980864459342,81,7.018977264746939,3,96.1318474880587
1.2466268120326685,59,7.432949567463034,2,49.71477920304545
9.208418826173723,92,4.5724381903295255,0,94.47084838036223
8.698963620621283,89,5.919194415224897,9,100.0
5.188380571260721,63,6.28118254477771,3,62.448736010008986
5.912754357449293,98,5.845265108804583,8,100.0
3.9900270387013026,82,4.605125002425965,9,81.20830800730428
0.5476163882203133,73,6.094738950937377,5,57.98179623001922
3.3519724164590095,64,7.75589023904209,5,59.072846459491096
8.028534485980114,89,4.355038322666277,0,89.78616461880564
0.04632023004602859,68,4.400900070409517,9,51.62597306427035
3.334991716911442,96,5.773856459179921,1,64.59158066887184
3.9816869359094333,78,8.708628558094626,10,88.2088259575765
5.373956029379229,70,7.342863233614571,5,74.66560556141266
9.198556164127606,95,7.393349783362824,1,100.0
3.4634599436596125,86,5.809599954189325,2,66.65480789160428
3.469532018962277,82,6.968303956042693,3,75.38624753306618
7.3750124810974835,89,4.050655920138717,10,100.0
4.522179408898071,62,7.180480232047711,4,77.1794364727937
2.2460482293998196,83,8.566434737881185,8,66.24053572578089
4.524395161326934,77,7.062867341724096,3,68.87187634086644
1.4085702037979986,59,8.368492967331726,10,56.00540313454162
1.763869865062233,62,7.619865277330469,8,58.89136850779695
4.983677727394797,84,4.602792082018452,10,84.47638174649173
4.189254495045479,91,8.512266536429209,9,94.42361362422054
9.148459010681,55,4.332219221778875,2,77.80706732450004
3.623938991166331,89,6.669837362738819,7,78.59901932656607
5.805883502780435,81,4.710685618967288,0,71.75961216783556
6.322642879195303,99,4.0585330536545206,10,90.78373227724651
0.13094456588333636,94,6.110171300638195,8,62.28209966587376
6.635373720167106,47,5.475203538270781,8,76.40949254829023
1.7803596686975143,89,6.430002468988015,9,74.34979333830688
9.610703174694551,60,6.885999433672755,1,88.21028469194597
1.4866272775311296,40,4.218695361544737,3,45.37377605941033
4.146241237270237,94,4.615016475618728,7,86.10291994299412
0.8534966807864386,47,6.793211982252126,6,44.807357245976775
9.968742518459473,68,5.715836765863291,0,87.16874082676662
5.021950103312426,71,7.64586743774724,4,75.154289706596
5.953850173200438,77,7.261458242959698,6,84.52140476931787
0.6707647738842748,44,8.228021814949534,3,44.77244662842499
7.499604703991778,86,7.462464133346126,0,77.52405402179659
2.0990559309558576,61,6.149655386950741,8,67.59816236871319
8.980542894407137,86,7.364833111972162,4,100.0
2.0513964048200717,73,5.376905871277092,10,68.86159106329546
1.9068772066366657,40,5.531567493891064,1,37.150698895376316
0.3654966784809488,94,7.944925799603967,7,70.10255622765604
4.720669451099992,94,6.232097582007911,10,98.76447230431684
5.648411332626164,65,7.991901702591763,1,70.60439148422813
0.6570863942835237,82,8.112111868341392,2,60.97938153860909
7.755276166950106,49,8.28781168830642,9,95.39447757362959
4.532888347480276,69,8.583176179206037,0,79.23885131583691
5.243902693275801,89,6.154926102566481,10,92.48605559570049
4.407627469382281,57,5.594334091605694,1,48.14680329151863
4.00763060875326,56,6.910993732970569,6,61.09544490627987
5.596403313082179,65,5.855862117188138,9,83.75338198678796
1.552402459307125,47,7.005370834001164,1,47.71216443464171
1.8192813049527112,86,7.527929313219123,5,65.28971944909819
8.617856210135173,79,7.4420250924606846,2,92.41866898622058
9.461154621336327,88,5.872764435100606,3,100.0
3.7330931627975295,51,4.834301008493764,10,63.90790482658289
2.707446731435538,66,6.152646692311038,7,63.18618004582569
6.439995432390157,47,4.712970720409544,2,58.587285164718566
4.087341710980964,64,8.450485175919042,9,86.82881937115572
0.2538635566034486,85,5.729387303689287,5,64.43645644937766
1.5615259736619036,43,4.772298736116619,0,26.655152393077458
7.159722288473976,72,4.1272387995287545,6,84.14216154648626
6.589239419101514,40,7.2291119314324215,7,84.44071583369714
0.2709599250348349,58,7.184511587273716,10,60.91729871783279
2.219721619329494,70,5.703020832906459,7,62.05845359746492
2.310747965880714,55,4.358559444238255,2,38.54004811982558
6.718927435987284,53,6.04814447447616,9,90.65564888800306
0.19710537754364155,92,5.556087475316968,0,50.700277913074636
1.0410858198457384,87,7.385603198675047,8,63.41170355787001
7.999160853731894,44,7.028896247263452,5,87.60305203256132
1.7854466205433361,80,5.8229686409877,10,64.57115257590273
6.527461078518747,65,5.089462771274951,8,83.71380016430658
2.381827810467265,67,8.940179830777959,6,67.2664251970316
0.9944139275934516,41,6.270008105980574,0,42.00399249416758
2.4317219099945406,89,7.441371178901186,0,61.336120948374315
7.2226693185565916,45,4.702764837891804,5,72.19566283706294
8.556964681062858,48,6.427948498296989,4,76.02532867741982
8.302198645669916,72,4.137683599347327,8,91.38437203175121
3.9718352961845484,80,6.52727558955225,1,62.827250355624024
6.680851365706461,64,8.82008703558851,7,86.81831906968587
2.0498429541582097,87,5.921033564929001,10,76.92270452510843
2.9314773026101326,52,4.194980062874558,4,39.67646470958682
8.963358185211197,48,4.1547789545967175,1,66.77519760816493
0.13001923510736035,92,5.939933799734348,9,66.77486940696973
0.8550853085446808,52,4.80012468231597,10,55.28194932287501
2.078862551460273,70,4.116760481640929,10,65.46066972736375
0.26532203873819715,80,7.781068069750884,5,58.68477388426795
1.8143543508979731,50,6.2926150444094535,9,57.61141877503252
5.830415609696922,43,5.446223859863273,7,71.15200275206283
4.214245505924979,73,8.500415915082403,3,75.44277046110078
8.926717110769749,100,4.580694801002628,1,97.93064379929231
8.17443561738441,77,8.779594144776595,10,100.0
3.4181735169787597,85,5.569833586886764,4,74.80600845658208
2.594234334312925,43,8.442018361543406,1,49.84075186716803
3.7969240816726693,77,7.014714382397308,1,71.97511895485681
5.902949425148077,58,8.133536798707437,5,86.14618287949068
2.6806364082287626,45,8.920065816052322,10,62.02968006638222
6.24148907849134,73,5.442027189093729,9,84.99636207630061
4.0941165219124045,57,8.805677427037965,8,80.9496776634907
5.520471808519803,52,5.947409474512102,3,57.97271589097848
4.361265291353167,80,5.927559523684612,5,82.76233031760192
2.9446575954191765,62,5.701935521272528,6,61.207748045577624
9.484533069621566,58,6.707038036737925,10,100.0
7.636057941597608,84,4.770725215892435,5,90.73978682546901
1.4011317576645255,50,6.768557426790056,7,47.58082600298431
8.684679758979128,40,6.70852406205002,3,84.11816992965555
4.874311982495136,63,7.80950906302435,0,78.94419319121104
8.945522268940914,93,8.168249809687929,6,100.0
7.998552559473152,46,6.20220675156212,2,73.1853835462638
4.252135044692334,64,5.511666246757469,5,54.63851000064132
0.22469308320117398,60,5.296674486585472,1,44.47432890645742
2.686773593849461,54,4.97311918352436,8,65.53893295050604
5.416342146608669,40,4.288237910995124,0,42.99126724475903
6.334782198261473,51,5.712239894173567,5,63.173963469420066
2.578876854332023,97,5.351238460653916,5,62.65070477714162
1.3935607407282413,46,8.832086929332036,4,54.25782318916937
8.34930236799299,54,6.7885441312502195,4,88.6485572005358
9.84402180703552,60,5.736385195152538,0,80.07620970363874
5.256901823026858,58,6.90233800496848,9,83.78548528198525
1.716792858483035,99,4.695983506728478,4,66.3703169108279
2.7230732651936895,68,6.220218746011015,1,53.41945528371939
0.18390676547466733,64,7.131171607105319,6,57.632861175010476
9.14298806560499,72,6.4444891589622575,2,85.37924063980927
1.1775108289014113,88,6.008894003271621,3,64.84303821901977
5.765164755142536,71,8.969241944498492,2,75.5216998946379
2.74055220687206,88,8.401573810744635,2,78.6135920656848
5.541780025157934,74,7.117029790797201,3,72.51642958997674
6.514203883518642,83,6.846886805911414,4,85.70693263641539
8.297418037072017,77,7.103302399122921,0,86.7866306713177
2.064212717606032,65,5.006560539112167,3,52.5957774053669
0.10995828658480478,50,5.975688716321593,10,54.95531136865769
1.3688563006880727,74,4.197297664454497,7,52.41046474111597
9.00018641848105,47,6.377730187434134,9,94.36983042604034
8.738900775625153,85,6.715122919788316,6,100.0
5.974131021703083,53,5.1387486805160485,8,74.70946134940687
6.005168604336534,49,8.82014423582757,4,77.2864245806349
6.650366745462555,41,8.54727305468621,9,78.0145302692463
1.753712786234496,85,7.61071617727953,3,62.357726840478115
9.144119459249598,48,6.666933143826813,7,88.48854296188328
4.187705248920731,42,8.349845798238425,8,68.82106319333542
3.8313852824949746,60,4.653261719117315,6,71.69862715031553
5.189177052828375,65,7.952548971374425,6,87.18326183767773
0.46965966775055046,47,4.6241040698342415,4,44.74858878132734
1.662833687560794,87,7.971053312747027,3,62.744988662893775
7.380336164263705,41,5.378837841256785,9,86.59744788783313
0.8279866792512647,45,8.385452905090943,0,39.47264984106723
6.031521094663882,67,8.72021046912699,9,92.62597492908843
2.4534910968132095,92,4.743979847025578,9,76.16860844002136
3.8929561404197655,68,6.313378025326967,6,80.0836260396484
2.8869373677069987,65,8.904936890813426,0,65.07375364794417
3.5567271646494913,64,6.4170371798657335,0,59.94219227521441
7.1904590518424545,51,8.317737612572726,4,80.1362656568046
2.9712171562317504,44,6.943657610656599,8,62.54120479374476
5.664046402968972,73,5.876649539598009,5,81.92636411672956
4.760504021990997,87,5.428917777629351,2,70.85231110594357
6.636711653626481,76,5.016115455430437,2,82.3073677588158
9.36829739324758,54,7.808990956888486,6,91.45324332280035
7.325720972102503,83,5.93270253411514,5,93.65322836872981
2.149403785907568,75,6.5563773110037555,8,58.4111958025822
0.3118313506128467,54,6.461627400005909,5,43.329318920065404
2.622640442998251,82,6.886395146165656,4,78.07437817191979
5.9507793070025485,87,8.327885728122762,9,100.0
0.5142581348425035,62,8.903696717917146,6,64.85602635971944
4.963662472012364,45,6.037921042869085,0,51.557616109028075
5.968428489168892,85,8.137594610531515,6,92.63619585090967
3.3424389081696084,89,7.822638973273588,2,78.36743375286675
7.7091220374582194,83,6.8676447572778665,8,100.0
1.065982531337718,98,8.780235718059664,5,74.63321347959952
0.7513778173580876,82,5.002372577642014,8,70.71454409372478
7.281887562036033,84,4.546321051548107,4,81.89980508520674
4.954913162061985,60,8.26980983477711,6,76.39299528263662
6.88402396427736,62,6.195749083168741,3,68.84119017437752
4.348273386037462,82,8.234844271035303,6,77.5355252125799
2.464020332391068,94,8.465451025977075,0,72.22193067480434
8.191023176741997,55,4.312287968095357,6,78.99294548894007
7.994158789689792,86,8.417323814930302,7,100.0
6.946964708544268,92,6.241595276847111,4,100.0
2.7214513722996267,99,6.552162445021161,1,67.42189087658076
5.902306668690871,54,7.132962555466051,4,75.97677565338552
3.6097389694002677,64,8.631913033650434,5,74.62908156201681
0.9158207332663415,75,4.0955804721488205,1,38.66278929529652
9.173135754622429,50,6.3842173415890855,5,85.55185172978507
1.368186309189614,90,7.4386102121528035,5,62.69984591189466
9.502373538208024,54,7.613534788491142,0,81.65532171760726
4.460057729579558,43,7.46266215768554,0,58.00616645367437
